ticker,name,index,sector,last_date,close,rsi,sma200,dist200,z,vol1y,vol5y,rev_days,halflife,episodes,hitrate,obs,score,sig,stale
NESN.SW,Nestlé,SMI,Nahrungsmittel,2026-09-24,77.94,47.3,79.06,-1.42,0.23,23.0,18.4,62.0,36.0,13.0,100.0,1533,-2.0,kein Signal,False
NOVN.SW,Novartis,SMI,Pharma,2026-09-24,118.96,48.4,119.69,-0.61,-0.69,23.3,19.5,50.0,30.0,16.0,94.0,1533,20.0,kein Signal,False
ROG.SW,Roche GS,SMI,Pharma,2026-04-13,317.2,44.2,298.55,6.25,0.73,24.4,20.2,106.0,73.0,8.0,88.0,1328,-11.0,kein Signal,True
ABBN.SW,ABB,SMI,Industrie,2026-09-24,80.5,52.0,74.06,8.7,0.11,27.9,25.7,94.0,62.0,6.0,100.0,1533,-6.0,kein Signal,False
UBSG.SW,UBS Group,SMI,Banken,2026-09-24,39.42,26.4,37.31,5.66,-0.2,23.6,29.0,59.0,35.0,12.0,100.0,1533,38.0,kein Signal,False
CFR.SW,Richemont,SMI,Luxus,2026-09-24,170.6,34.8,167.5,1.85,-0.13,30.3,34.0,67.0,50.0,12.0,100.0,1533,25.0,kein Signal,False
ZURN.SW,Zurich Insurance,SMI,Versicherung,2026-09-24,579.2,38.7,575.3,0.68,-0.5,17.8,17.5,52.0,29.0,16.0,100.0,1533,29.0,kein Signal,False
HOLN.SW,Holcim,SMI,Baustoffe,2026-09-24,66.32,32.4,72.97,-9.11,-0.89,29.1,38.8,93.0,38.0,8.0,100.0,1533,48.0,kein Signal,False
SREN.SW,Swiss Re,SMI,Versicherung,2026-09-24,142.1,60.0,130.07,9.25,0.61,21.1,22.7,76.0,58.0,9.0,100.0,1533,-30.0,kein Signal,False
LONN.SW,Lonza,SMI,Life Science,2026-09-24,570.0,58.0,530.13,7.52,0.69,22.8,29.9,146.0,70.0,6.0,83.0,1533,-29.0,kein Signal,False
SCMN.SW,Swisscom,SMI,Telekom,2026-09-24,656.5,55.8,645.49,1.71,0.01,17.4,15.8,72.0,59.0,9.0,100.0,1533,-8.0,kein Signal,False
GIVN.SW,Givaudan,SMI,Chemie,2026-09-24,3406.0,60.7,3087.82,10.3,1.06,25.0,23.5,132.0,92.0,7.0,86.0,1533,-43.0,kein Signal,False
ALC.SW,Alcon,SMI,Medtech,2026-09-24,53.32,35.3,58.56,-8.95,-0.86,26.8,25.2,84.0,41.0,9.0,100.0,1533,43.0,kein Signal,False
SIKA.SW,Sika,SMI,Baustoffe,2026-09-24,182.1,45.0,159.21,14.38,1.42,31.3,29.2,92.0,73.0,9.0,89.0,1533,-30.0,kein Signal,False
AMRZ.SW,Amrize,SMI,Baustoffe,2026-09-24,31.0,28.8,41.83,-25.89,,35.0,37.4,,,,,318,,kein Score,False
SLHN.SW,Swiss Life,SMI,Versicherung,2026-09-24,903.2,40.6,889.7,1.52,-0.49,16.1,19.8,47.0,47.0,11.0,100.0,1533,26.0,kein Signal,False
KNIN.SW,Kühne+Nagel,SMI,Logistik,2026-09-24,228.1,66.1,189.03,20.67,2.04,28.0,28.4,92.0,52.0,9.0,89.0,1533,-76.0,Verkaufssignal,False
GEBN.SW,Geberit,SMI,Industrie,2026-09-24,539.8,42.6,561.27,-3.83,-0.16,21.4,23.9,114.0,71.0,8.0,100.0,1533,15.0,kein Signal,False
PGHN.SW,Partners Group,SMI,Private Markets,2026-09-24,591.0,24.6,823.2,-28.21,-1.82,34.6,32.4,92.0,80.0,8.0,88.0,1533,82.0,Kaufsignal,False
LOGN.SW,Logitech,SMI,Technologie,2026-09-24,82.62,50.2,79.59,3.81,0.4,34.1,34.9,88.0,69.0,9.0,100.0,1533,-11.0,kein Signal,False
STMN.SW,Straumann,SMIM,Medtech,2026-09-24,96.38,51.3,93.9,2.64,0.45,31.1,35.6,68.0,54.0,10.0,90.0,1533,-14.0,kein Signal,False
SDZ.SW,Sandoz,SMIM,Pharma,2026-09-24,70.78,57.2,65.31,8.38,-0.7,29.9,32.0,51.0,29.0,6.0,83.0,745,8.0,kein Signal,False
VACN.SW,VAT Group,SMIM,Halbleiter,2026-09-24,645.4,57.7,564.64,14.3,0.43,44.2,40.3,148.0,95.0,5.0,100.0,1533,-22.0,kein Signal,False
SGSN.SW,SGS,SMIM,Dienstleistungen,2026-09-24,94.46,56.3,91.31,3.45,0.61,17.3,20.6,109.0,54.0,8.0,88.0,1533,-25.0,kein Signal,False
LISN.SW,Lindt & Sprüngli N,SMIM,Nahrungsmittel,2026-09-24,89200.0,43.5,104485.5,-14.63,-1.79,22.2,20.2,74.0,65.0,8.0,88.0,1533,56.0,Beobachtung Kauf,False
LISP.SW,Lindt & Sprüngli PS,SMIM,Nahrungsmittel,2026-09-24,8585.0,43.1,10204.92,-15.87,-1.78,24.1,21.9,54.0,69.0,9.0,89.0,1533,56.0,Beobachtung Kauf,False
BAER.SW,Julius Bär,SMIM,Banken,2026-09-24,70.08,30.8,66.71,5.05,0.37,25.2,29.4,100.0,53.0,7.0,86.0,1533,17.0,kein Signal,False
SCHP.SW,Schindler PS,SMIM,Industrie,2026-09-24,258.0,50.7,274.17,-5.9,-0.47,19.6,22.3,281.0,94.0,4.0,75.0,1533,11.0,kein Signal,False
SCHN.SW,Schindler N,SMIM,Industrie,2026-09-24,252.5,50.8,263.36,-4.12,-0.31,19.9,22.3,267.0,89.0,4.0,75.0,1533,7.0,kein Signal,False
RO.SW,Roche N,SMIM,Pharma,2026-09-24,376.4,60.7,345.96,8.8,0.9,25.1,22.3,83.0,71.0,10.0,90.0,1533,-38.0,kein Signal,False
ADEN.SW,Adecco,SMIM,Personal,2026-09-24,24.46,56.0,20.37,20.08,1.95,42.6,35.2,79.0,61.0,11.0,91.0,1533,-59.0,Beobachtung Verkauf,False
SPSN.SW,Swiss Prime Site,SMIM,Immobilien,2026-09-24,124.9,43.7,130.73,-4.46,-1.05,14.1,15.8,152.0,66.0,6.0,83.0,1533,36.0,kein Signal,False
SIGN.SW,SIG Group,SMIM,Verpackung,2026-09-24,13.17,43.2,12.47,5.61,0.72,41.5,33.3,55.0,76.0,9.0,89.0,1533,-9.0,kein Signal,False
UHR.SW,Swatch Group,SMIM,Luxus,2026-09-24,179.75,46.8,186.12,-3.42,0.02,34.5,31.3,105.0,55.0,7.0,100.0,1533,4.0,kein Signal,False
HBAN.SW,Helvetia Baloise,SMIM,Versicherung,2026-09-24,213.0,46.9,206.83,2.98,-0.3,18.5,19.9,65.0,59.0,12.0,100.0,1533,12.0,kein Signal,False
PSPN.SW,PSP Swiss Property,SMIM,Immobilien,2026-09-24,146.5,50.0,149.61,-2.08,-0.65,13.4,16.3,90.0,45.0,9.0,89.0,1533,17.0,kein Signal,False
TEMN.SW,Temenos,SMIM,Software,2026-09-24,67.1,39.6,71.39,-6.01,-0.01,39.5,43.9,81.0,42.0,9.0,100.0,1533,15.0,kein Signal,False
BARN.SW,Barry Callebaut,SMIM,Nahrungsmittel,2026-09-24,1121.0,51.2,1223.95,-8.41,-0.23,35.2,30.5,140.0,78.0,4.0,100.0,1533,4.0,kein Signal,False
GF.SW,Georg Fischer,SMIM,Industrie,2026-09-24,57.3,61.2,48.52,18.1,1.53,31.0,29.7,95.0,70.0,10.0,90.0,1533,-55.0,Beobachtung Verkauf,False
EMSN.SW,EMS-Chemie,SMIM,Chemie,2026-09-24,822.5,60.7,679.36,21.07,2.02,20.4,22.1,78.0,97.0,9.0,89.0,1533,-68.0,Beobachtung Verkauf,False
BEAN.SW,Belimo,SMIM,Industrie,2026-09-24,808.5,47.5,805.73,0.34,-0.28,39.8,34.5,88.0,59.0,8.0,100.0,1533,11.0,kein Signal,False
GALE.SW,Galenica,SMIM,Gesundheit,2026-09-24,82.3,46.3,89.23,-7.77,-1.88,16.4,17.3,43.0,36.0,14.0,93.0,1533,54.0,kein Signal,False
AVOL.SW,Avolta,SMIM,Detailhandel,2026-09-24,41.82,33.7,47.96,-12.8,-0.99,29.5,32.5,79.0,52.0,10.0,100.0,1533,49.0,kein Signal,False
FHZN.SW,Flughafen Zürich,SMIM,Infrastruktur,2026-09-24,199.6,34.1,237.73,-16.04,-3.54,22.2,21.0,38.0,31.0,20.0,95.0,1533,87.0,Kaufsignal deutlich,False
CLN.SW,Clariant,SMIM,Chemie,2026-09-24,10.78,63.4,8.19,31.62,3.0,35.6,30.7,69.0,64.0,11.0,91.0,1533,-84.0,Verkaufssignal,False
GALD.SW,Galderma,SMIM,Pharma,2026-09-24,162.25,49.2,161.64,0.38,-1.39,28.6,32.6,77.0,35.0,5.0,80.0,627,37.0,kein Signal,False
SOON.SW,Sonova,SMIM,Medtech,2026-09-24,239.8,58.6,205.45,16.72,1.47,27.8,29.0,91.0,67.0,10.0,90.0,1533,-50.0,kein Signal,False
SQN.SW,Swissquote,SMIM,Banken,2026-09-24,38.12,40.0,41.56,-8.28,-0.8,34.3,35.9,154.0,101.0,6.0,83.0,1533,35.0,kein Signal,False
ACLN.SW,Accelleron,SMIM,Industrie,2026-09-24,75.65,51.2,74.95,0.93,-1.26,35.1,33.3,92.0,54.0,6.0,83.0,999,31.0,kein Signal,False
SUNN.SW,Sunrise,SMIM,Telekom,2026-09-24,40.48,43.0,43.3,-6.51,-0.9,21.2,24.0,44.0,23.0,5.0,80.0,463,33.0,kein Signal,False
